epoch,train_loss,vali_loss,test_loss,val_acc,val_f1,val_auc,test_acc,test_f1,test_auc
1,0.5561798887868081,0.42237326678107767,0.33264639718191963,0.8419117647058824,0.5,0.711656295448585,0.8696428571428572,0.39669421487603307,0.6770885836693549
2,0.3930014102689682,0.40067263210521026,0.32512122562953405,0.8198529411764706,0.48958333333333337,0.7175452399685287,0.8794642857142857,0.4104803493449782,0.6839560231854839
3,0.36770116129229147,0.38588737039005055,0.3224012102399554,0.7977941176470589,0.5089285714285714,0.7527605204548119,0.8714285714285714,0.3846153846153846,0.6755528603830645
4,0.3530404067808582,0.41608092364142923,0.34414941242762975,0.8253676470588235,0.4919786096256684,0.7401935812531839,0.8660714285714286,0.38016528925619836,0.6930286038306451
5,0.33872894317873065,0.39885464836569395,0.3341339111328125,0.7977941176470589,0.5175438596491228,0.7536170212765958,0.8276785714285714,0.37540453074433655,0.6920835433467742
