epoch,train_loss,vali_loss,test_loss,val_acc,val_f1,val_auc,test_acc,test_f1,test_auc
1,0.5894888985541559,0.4176508959601907,0.3444586345127651,0.8455882352941176,0.5058823529411766,0.7440991679402276,0.8633928571428572,0.3703703703703704,0.6990848664314516
2,0.37659946564705143,0.3909788692698759,0.3164821079799107,0.8492647058823529,0.5393258426966292,0.7481087470449173,0.8723214285714286,0.39148936170212767,0.6945643271169355
3,0.36645716236483666,0.38933338838465076,0.31715087890625,0.8547794117647058,0.5433526011560693,0.7391544824932667,0.8705357142857143,0.3933054393305439,0.6891144783266129
4,0.35538987190492694,0.38962913961971507,0.3166896275111607,0.8455882352941176,0.5227272727272727,0.7449499807618315,0.8732142857142857,0.3879310344827586,0.6949817288306451
5,0.35434449103570753,0.38094105440027576,0.31994334629603793,0.84375,0.5251396648044693,0.7427030828742234,0.8714285714285714,0.3846153846153846,0.6929419732862904
